DPU,reduction_network,dataflow,cluster_count,psum_access_energy,input_actuation_energy,weight_actuation_energy,input_access_energy,weight_access_energy,output_access_energy,psum_reduction_energy,dac_energy,adc_energy,total_energy
AMM,S_Tree,RIS,1,0.001008407632172393,3.053439999999343e-11,0.0003728339999996534,0.00047140849848586585,0.05944439540871361,0.0005948060324811762,0.00021159806867913127,42.70329662191712,8.916816160561732,51.68221623214992
AMM,S_Tree,RIS,2,0.0010809639203963192,1.9647999999996776e-11,0.00020908800000013028,0.00047140849848601216,0.02984138418565895,0.0005948060324811762,0.00011133985699256707,21.562620139191306,4.777983851397694,26.372912981102665
AMM,S_Tree,RIS,4,0.001223723214439834,1.4083199999998483e-11,0.00012673100000005116,0.00047140849848599194,0.014920692092830694,0.0005948060324811762,5.8851800952177835e-05,10.929821820404,2.706124842415442,13.653342875472715
AMM,S_Tree,RIS,8,0.0018564520149812653,1.3455999999998676e-11,0.0001043790000000297,0.0004714084984859758,0.007608805005417439,0.0005948060324811762,3.583338859405989e-05,5.6984823223987355,2.0459241571574793,7.755078163509631
AMM,S_Tree,RIS,16,0.003130835710524718,1.2927999999998838e-11,9.297200000001875e-05,0.00047140849848596657,0.003914340368255686,0.0005948060324811762,2.178725995733126e-05,3.082111704000346,1.6855107905685138,4.775848644451492
AMM,S_Tree,RIS,32,0.006491442602106269,1.3127999999998777e-11,9.566150000002133e-05,0.00047140849848593074,0.002027956470701442,0.0005948060324811762,1.4272218451600526e-05,1.7421116356002126,1.6851545409730282,3.4369617239085954
