DPU,reduction_network,dataflow,mrr_area,adc_area,dac_area,rn_area,cache_area,total_area
AMM,S_Tree,WS,34.8784987824,14.904,32192.64,3.5604e-05,184.91785000000002,32427.3403843864
MAM,S_Tree,WS,34.437499095999996,24.080000000000002,31785.6,4.816e-05,197.368,32041.485547255998
AMM,PCA,WS,36.0272821636,7.5920000000000005,33252.96,0.0,158.4826,33455.0618821636
AMM,S_Tree,WS,33.81604317,321.3,31212.0,0.0001548,303.10900000000004,31870.22519797
MAM,S_Tree,WS,33.035972969999996,485.1,30492.0,0.00018920000000000002,337.21900000000005,31347.355162170003
AMM,PCA,WS,35.594603226,147.42000000000002,32853.6,0.0,180.31300000000002,33216.927603226
AMM,S_Tree,WS,30.141912528,1989.9599999999998,27820.8,0.00027692,424.19950000000006,30265.101689447998
MAM,S_Tree,WS,30.4227378,3012.75,28080.0,0.0003354,482.1865,31605.3595732
AMM,PCA,WS,32.617335296,922.88,30105.6,0.0,204.19,31265.287335295998
