mrr_area,adc_area,dac_area,rn_area,cache_area,total_area
32.502925,70.0,30000.0,1.72e-05,166.669,30269.171942200002
32.502925,70.0,30000.0,1.72e-05,166.669,30269.171942200002
32.502925,70.0,30000.0,1.72e-05,166.669,30269.171942200002
32.502925,70.0,30000.0,1.72e-05,166.669,30269.171942200002
32.502925,70.0,30000.0,1.72e-05,166.669,30269.171942200002
32.502925,70.0,30000.0,1.72e-05,166.669,30269.171942200002
