DPU,reduction_network,dataflow,psum_access_energy,input_actuation_energy,weight_actuation_energy,input_access_energy,weight_access_energy,output_access_energy,psum_reduction_energy,dac_energy,adc_energy,soa_energy,b_to_s_energy,vcsel_energy,total_energy
HSCONNA,PCA,OS,0.0,5.0996557962828776e-05,5.0996557962828776e-05,0,0,0,0.0,0.22070099484616332,4.3646902599999963e-07,0.0,0.012401054647000137,0,0.23320447907811515
SCONNA,PCA,OS,0.0,5.0996557960388386e-05,5.0996557960388386e-05,0,0,0,0.0,0.21356496184871768,8.283818760000007e-07,0.0,0.008726740889500028,0,0.22239452423601452
HQNNA,S_Tree,OS,0.5095531144171676,7.709002159693097e-05,48.88061479964887,0,0,0,0.0024643319073369948,0.0036130696904896537,0.19858389743060575,0.0003019933593457823,0.0,0,49.59520829647541
