DPU,reduction_network,dataflow,psum_access_energy,input_actuation_energy,weight_actuation_energy,input_access_energy,weight_access_energy,output_access_energy,psum_reduction_energy,dac_energy,adc_energy,soa_energy,b_to_s_energy,vcsel_energy,total_energy
HSCONNA,PCA,OS,0.0,8.697448584628288e-07,8.697448584628288e-07,0,0,0,0.0,0.003779827177901265,4.926396e-09,0.0,0.0002214283786,0,0.004002999972614191
SCONNA,PCA,OS,0.0,8.697448584371871e-07,8.697448584371871e-07,0,0,0,0.0,0.003638793181565859,9.524874000000005e-09,0.0,0.00014265277350000008,0,0.003783194969656734
HQNNA,S_Tree,OS,0.008604372834457467,2.281911225603669e-06,1.4014222859756655,0,0,0,6.550982249277587e-05,0.00010357190301740025,0.005567716560006902,8.466923519995288e-06,0.0,0,1.415774205930386
