reduction_network,dataflow,propagation_latency,input_actuation_latency,weight_actuation_latency,psum_access_latency,input_access_latency,weight_access_latency,output_access_latency,psum_reduction_latency,total_latency
S_Tree,WS,6.45569144000041e-09,2.6400000000001166e-06,0.000879999999999998,0.2060935389637881,0.05277243649211592,0.008795406082019884,0.0018735776269391464,0.010839531069118937,0.2812571366896734
S_Tree,IS,6.45569144000041e-09,1.3200000000000174e-06,0.010560000000000104,0.02686651298228204,0.0034397277984971743,0.01375891119398883,0.00024424102711222286,0.010839531069118943,0.06571025052669074
S_Tree,OS,6.45569144000041e-09,2.6400000000001166e-06,0.010560000000000104,0.03520025439243182,0.00901339847320159,0.018026796946403398,0.00032000231265804307,0.010839531069118932,0.08396262964950534
S_Tree,ROS,1.1268115968001182e-08,4.607999999999929e-06,0.01843200000000115,0.001280009250629182,0.8652862534273237,0.00901339847320096,0.0003200023126580381,0.00010799127037621797,0.8944442740023052
S_Tree,RWS,1.1268115968001182e-08,4.607999999999929e-06,0.0030720000000000487,0.007494310507826767,5.066153903243475,0.00879540608201991,0.0018735776269391464,1.7038545062703914e-05,5.087410855273439
S_Tree,RIS,1.1268115968001182e-08,2.3040000000000914e-06,0.01843200000000115,0.0009769641084572801,0.0034397277984972055,0.6604277373114564,0.00024424102711222275,5.111563518811217e-05,0.6835741011488283
