DPU,reduction_network,dataflow,cluster_count,propagation_latency,input_actuation_latency,weight_actuation_latency,psum_access_latency,input_access_latency,weight_access_latency,output_access_latency,psum_reduction_latency,total_latency
AMM,S_Tree,RIS,1,9.248572174793592e-08,1.908399999999811e-05,0.2711520000001885,0.012950497248901205,0.007220387810363396,0.9736666483239891,0.006351126990127643,0.0006011308769292,1.2719609677362207
AMM,S_Tree,RIS,2,5.18666607359879e-08,1.2280000000001195e-05,0.15206400000006945,0.013886967524994746,0.007220387810358415,0.48849762996099594,0.006351126990127643,0.0003163064119106342,0.6683487505651176
AMM,S_Tree,RIS,4,3.143706851534738e-08,8.801999999999461e-06,0.09216800000000956,0.015730786600771693,0.007220387810360068,0.24424881498041057,0.006351126990127643,0.00016719261634139145,0.3658951424350894
AMM,S_Tree,RIS,8,2.589240023801166e-08,8.409999999999266e-06,0.0759119999999933,0.023974077442172496,0.007220387810359224,0.12429009096853845,0.006351126990127643,0.00010179939941493951,0.23785791850300628
AMM,S_Tree,RIS,16,2.306276391734175e-08,8.079999999999101e-06,0.06761599999998501,0.040616611496878424,0.007220387810359235,0.06402144888933217,0.006351126990127643,6.189562487878323e-05,0.1858955738743252
AMM,S_Tree,RIS,32,2.3729925036342515e-08,8.204999999999163e-06,0.06957199999998696,0.08426130951220026,0.0072203878103590845,0.03319627897012904,0.006351126990127643,4.054607514659228e-05,0.2006498780878746
