DPU,reduction_network,dataflow,cluster_count,propagation_latency,input_actuation_latency,weight_actuation_latency,psum_access_latency,input_access_latency,weight_access_latency,output_access_latency,psum_reduction_latency,total_latency
AMM,S_Tree,RIS,1,2.218413045997704e-07,6.915200000006915e-05,0.6504000000005677,0.027960979438948555,0.02924523588494482,4.467811326489956,0.010218003293905039,0.0019254153061847392,5.187630334255812
AMM,S_Tree,RIS,2,1.437056864298704e-07,4.7452000000021575e-05,0.4213200000003387,0.03714068849450416,0.029245235884929034,2.2406169221372543,0.010218003293905039,0.0010196572511058902,2.7396081027677237
