DPU,total_power,total_dynamic_energy,total_static_power,reduction_network,dataflow,psum_access_energy,input_actuation_energy,weight_actuation_energy,input_access_energy,weight_access_energy,output_access_energy,psum_reduction_energy,dac_energy,adc_energy,soa_energy,b_to_s_energy,vcsel_energy
HSCONNA,877.0116097043566,0.003974904378103305,877.0116000000002,PCA,OS,0.0,8.697308774491912e-07,8.697308774491912e-07,0,0,0,0.0,0.0037797111005404066,2.603007999999999e-09,0.0,0.00019345121280000006,0.0
SCONNA,549.1152518217488,0.003783021483461506,549.1152480000002,PCA,OS,0.0,8.697308774238537e-07,8.697308774238537e-07,0,0,0,0.0,0.0036386771042026585,9.435904000000005e-09,0.0,0.00014259548160000009,0.0
HQNNA,352.27051598022035,1.4157736548282465,352.2704573026,S_Tree,OS,0.008604356706457466,2.281911091203669e-06,1.4014218239756655,0,0,0,6.550982247967187e-05,0.00010357184102540026,0.005567643648006902,8.466923519995288e-06,0.0,0.0
ROBIN,379.1932268349715,5.631662159693792,379.19290451,S_Tree,OS,0.007011295438254477,1.65622579197648e-07,5.60568729619024,0,0,0,0.0001285888069132136,0.00026385110138459896,0.018430820352022967,0.0,0.0,0.00014014218239644476
ROBIN,159.849941552741,5.729754104334045,159.84986239499997,S_Tree,OS,0.03388792795132189,1.6562257922980018e-07,5.6056872972335,0,0,0,0.00015521019724074866,0.00026385110143475557,0.08908229834645333,0.0,0.0,0.0006773538815158035
