DPU,reduction_network,dataflow,propagation_latency,input_actuation_latency,weight_actuation_latency,psum_access_latency,input_access_latency,weight_access_latency,output_access_latency,psum_reduction_latency,soa_latency,b_to_s_latency,vcsel_latency,total_latency
HSCONNA,PCA,OS,0.00011640974135216442,7.90784000000741e-05,0.0,0.0,0,0,0,0.0,0.0,1.5753899999999982e-06,0,0.00013781277295216718
SCONNA,PCA,OS,1.726482984791167e-05,6.877866666674737e-05,0.0,0.0,0,0,0,0.0,0.0,1.370200000000008e-06,0,3.287145784793737e-05
HQNNA,S_Tree,OS,9.435743146427262e-07,0.0009107639999992945,3.6430560000021788,2.7500819683813695,0,0,0,0.007000943264694256,0.0002730960000003198,0.0,0,0.02003096127021158
